temperature,pH,substrate_concentration,inhibitor_concentration,enzyme_activity
38.72700594236812,7.490808570098726,0.45175256479337733,0.259540892568109,118.71854527358315
67.53571532049581,6.680481831720602,1.1296118000188806,0.23959093881486548,191.69667563722157
56.59969709057025,5.547638081431639,1.7585970881651758,0.012821032903217844,185.1751403257944
49.93292420985183,8.068975098534743,1.4912272841781662,0.17062391381307818,172.53179295059962
27.800932022121827,7.4236558627693965,1.6324661809367544,0.19009780939292853,140.786678193229
27.799726016810133,4.813084696724457,1.351688396750363,0.19941139044845024,94.70609602986676
22.904180608409973,8.554635922469213,1.4153254725839197,0.29008618461366614,118.25470656252509
63.308807288746756,8.112686214615845,1.7134717379741067,0.26680127336343923,193.98142206466605
50.05575058716044,8.74899956645962,0.5743692168324532,0.3039525463967223,136.97163875820422
55.40362888980228,7.6285975419418,1.029907430921967,0.38244163077106413,160.48436633475737
21.02922471479012,7.0670759796789495,0.5202979394572442,0.40649286935804674,66.00472360000487
68.49549260809971,6.091215181453094,1.9765692151936294,0.3590615381132472,220.4615281081784
61.622132040021086,8.663642416770067,1.8937127454045652,0.47776184797746735,190.31557206535103
30.61695553391381,8.330319447502042,0.1749109416001612,0.009116291338180815,102.79661642649259
29.09124836035503,4.226093350530947,1.4405928277798081,0.09788899284177305,96.25480016345861
29.17022549267169,4.13183487248626,1.8579718030897652,0.00378143748907106,109.413980106078
35.21211214797688,5.882316834390248,0.44309315574193375,0.3237373570773015,97.70242983617078
46.2378215816119,8.052766653909163,1.1790959380499961,0.44901527447499345,141.75498877859548
41.59725093210579,8.936380646574722,1.8394277654172795,0.12174114828814964,155.52561947798526
34.5614570099021,4.752084455517641,0.1644973593130178,0.4635172723981533,70.69882732680037
50.59264473611897,6.970653576760675,1.425098507768996,0.030133695144780426,181.71452203215603
26.97469303260209,5.904454283155108,0.6649631140078464,0.46721801340275715,83.66518780855839
34.60723242676091,8.849571989073016,1.8563527712154078,0.1758113436198172,138.62689707975318
38.318092164684586,8.210594615678543,1.9450106658141988,0.05071041422460826,156.33097377839067
42.8034992108518,8.19164352355569,1.8941063293155245,0.24293587959316282,142.94965902500297
59.25879806965068,6.343465798974851,1.0010070116491812,0.12838828386025397,194.1782956154704
29.98368910791799,6.074097511688326,1.7378810368796955,0.14243645098096142,128.81951256671178
45.71172192068058,5.367035359653531,1.7046438572166338,0.1536449824631433,149.47157955854638
49.620728443102124,4.281877483254636,0.7062908991621857,0.4015129489163317,116.38662829407667
22.322520635999886,8.323611881275266,1.674939400886287,0.26958063833762724,122.78304157261861
50.37724259507192,8.064505045650389,0.17031450595943598,0.15565384957800182,133.66708667113284
28.526206184364575,8.998588366430653,1.2329127691159008,0.3051668916554592,103.20068220770338
23.252579649263975,8.983184185369527,0.5370167908466358,0.3580753371115968,81.12630243991951
67.44427686266667,6.777158528013137,0.3290770829768297,0.13631200036676688,194.063499838312
68.28160165372796,7.8449370759025525,0.24621108309549739,0.20677455076267576,183.47901068808406
60.419867405823055,8.723828649412141,1.4229486741684656,0.06094304666847378,178.94221244145754
35.23068845866854,8.248236953387057,0.7457624311593256,0.09057467476734016,116.59300563201118
24.883605700319194,5.236740508715988,1.4770568659046468,0.3405589269824914,104.40759957170457
54.211651325607846,6.252720676550467,0.2241770475179905,0.09071917384781347,146.67174633000909
42.007624686980066,4.645797075757475,0.6990516418781596,0.2625816918335301,83.19396957901108
26.10191174223894,8.770255136293612,1.1250334555131407,0.35452313086121634,102.76538047261131
44.758845505563514,7.030873172254401,1.6023740131940307,0.05343846154737192,178.9966000756232
21.71942605576092,5.143214027517313,0.7056297555709328,0.2836561098144518,58.17416883504617
65.4660201039391,7.358503422029283,1.2891936152303174,0.12828139185068188,192.12754019183117
32.93899908000085,7.090641202289479,1.7833577216487555,0.4814634376187899,143.25171293670266
53.1261142176991,5.790813590164202,1.2701400575463788,0.24177282335996236,187.66614071398598
35.58555380447055,4.567787960998145,0.5426230020319042,0.40299627488757905,90.56333946637808
46.00340105889054,7.357865977963998,0.14636148495742224,0.2751132710781309,128.7602639813736
47.33551396716398,6.601538504518967,1.7531878604117668,0.021706266427409582,176.46077492178773
29.242722776276352,7.861591958678197,0.14041188061573556,0.3165756877970112,111.83347320614428
68.47923138822793,6.6008175055599665,1.761933178099979,0.4757016711033285,200.6697010947734
58.75664116805573,8.260907501592701,1.1049805546517029,0.3008059100731656,164.64735742258426
66.97494707820945,6.759534193872428,1.8842286271745028,0.4095944297133951,204.23007956710384
64.74136752138244,6.804689857676932,1.6176881479699643,0.4421032316742039,188.84938471087963
49.89499894055426,8.383268013291726,1.9960748100133412,0.11403988597446624,177.94984867910912
66.09371175115584,6.017414331061985,0.7663524493582492,0.10602241995411332,205.75321149153703
24.424625102595975,4.670076142253204,1.5576577489691412,0.30549049442549586,96.92575716848164
29.79914312095726,4.143913381566695,0.86366873585756,0.20551423490335236,77.39654503073334
22.261364445526905,7.775686278368095,1.0117636785774269,0.41993065143336017,96.23352421820339
36.266516538163216,7.1015477567673235,1.2922603801149033,0.4500115616990056,119.19442600616537
39.4338644844741,7.520398840496117,1.7599865169540436,0.17671068965135905,166.2431616240114
33.567451588694794,5.064820807544553,1.9697585914786608,0.11843527948724103,133.474052117655
61.436875457596464,4.681857377933849,1.5597194863425845,0.3902627576219309,163.6865326962818
37.83766633467947,4.07272332833941,0.8937568861179341,0.13740301777406805,128.51471197470266
34.046725484369034,5.752937794032984,0.9005783043264333,0.4113071592568392,118.97751063346183
47.13480415791243,6.949588434273165,1.5014063730188938,0.21186912682438142,160.4110448407243
27.046211248738132,5.9612202254986615,0.5536765769597745,0.33377494964573523,95.493812485679
60.109849037701984,6.1873746101186455,0.3099008149496498,0.04776765691733409,183.1673416374454
23.72753218398854,8.520793472468743,0.7737820995174753,0.3119296623382865,93.14145666403795
69.34434683002587,5.741277335116502,0.6457540841427553,0.22588383936861456,172.52256664321766
58.61223846483287,6.569947445799054,0.6629854288663811,0.29330423158773705,179.95262190823948
29.93578407670862,7.918265063705715,0.5438547269948288,0.08400710387243171,107.33095508563862
20.27610585618012,5.982713911606351,0.17997706030908758,0.36843687247209106,96.65726957835847
60.77307142274171,7.110433501139367,0.13396047599348623,0.43139853877161427,172.0228990684817
55.34286719238086,8.311818543733725,1.97667254049846,0.10836990004538782,183.89052977836337
56.45035840204937,8.747603118288211,0.9127689540981384,0.04785727776008086,177.2599578753568
58.56351733429729,4.7353674046451895,0.8302206296033952,0.011819293023168198,158.4126196155241
23.70223258670452,8.632938125807472,1.3913298371168328,0.320985750221633,110.79679154674079
37.923286427213625,6.460581465397691,0.5146823869436219,0.3035470180443904,130.4262764475502
25.793452976256486,5.291221941494792,1.9049262495054282,0.273348706357035,108.42179093585762
63.155171293779674,6.295678781191306,1.594055527389549,0.11597354805798771,195.79640647411526
51.1649063413779,8.900162876427386,0.26988090439329304,0.19545299795275733,144.11035422308657
36.54490124263246,6.463090469964348,0.8934034739913638,0.2972381675930865,127.25161439901866
23.177917514301182,5.6437580514375405,1.770324784368113,0.2483834294295847,111.07738208545464
35.54911608578311,7.167004271583629,1.8949908423536796,0.49389276010744365,134.49058828828709
36.25916610133736,5.200728093890966,0.9880628713747525,0.06821987627836656,128.28208703718718
56.480308916903205,4.37931664054332,1.2654816395003448,0.3475722770237969,164.12842515286508
51.87787356776066,4.644398609553246,0.41736449757494287,0.20215938405214606,117.61863686953967
64.36063712881634,4.640229194788862,1.9832203896602554,0.21409980746280738,184.36229112804705
43.610746258097464,4.759513467561471,0.5401762326285424,0.3587988828290881,126.28435672785531
25.979712296915086,4.694135863247051,1.8911903708567388,0.3462180756621848,102.01522874282513
55.66223936114975,7.204373724016073,1.3343286330855002,0.49562799685109415,177.457086345633
58.03925243084487,4.909400421995724,1.2546999102698324,0.06419714472706262,156.76962046604743
48.063859878474815,5.728336416619316,1.0741081709313662,0.05205482469208317,162.24566806040792
58.54835899772805,8.483942049530059,0.5382726422637415,0.3621694085643706,154.11522590193698
44.689779818219534,6.3698082013143615,0.43540326081046565,0.28919345850320455,147.2834125386977
46.1366414690997,7.337788692605136,0.5189237972333332,0.13708033327990293,159.84270339585706
41.37705091792748,4.861599356008149,0.4542326980740836,0.0397096844944933,143.67931511156416
21.27095633720476,4.961445094043354,1.5812104997768313,0.04282912479821527,107.89905013513588
25.39457134966522,4.204343081332395,0.7652379924167871,0.44709543733205914,66.86051455905583
21.57145928433671,4.844675315360822,0.2099010854704531,0.09593366235937145,73.17965094199984
51.82052056318902,5.392951695159793,1.9412949972675415,0.16168578105776038,171.17168344144025
35.717799053816336,4.885052421383734,1.7791931814305089,0.11332820111349401,134.6394378359809
45.42853455823514,4.443512668785278,1.8627293380709047,0.17749815291596865,137.15455981571216
65.37832369630465,4.603179355503004,1.990324863028227,0.034711921373046684,192.48265076524356
32.464611457443745,6.303893840163629,0.4304009735170259,0.2595298954541352,126.50450194887284
40.519146151781484,5.0316685920289625,0.8528598359150515,0.03380628179610745,117.64423225715814
57.77755692715243,5.8213493052403775,1.5406531038377735,0.4001782539111808,188.8155266237287
31.43990827458112,6.5170863542742845,1.4224391743022053,0.11685604095521651,149.828041533808
23.84899549143965,7.451974143146827,0.3924022220457246,0.2700059573022553,95.24376830444882
34.4875726456884,4.196560699205495,1.6500829374821737,0.4400395437807291,78.26070917131653
28.061064362700222,7.997051994545213,0.5264370864896553,0.3254386845235971,95.83892664940836
66.48488261712865,7.139501947454539,0.5252534681629838,0.26647889327566765,198.35310929814
60.40601897822085,4.4087951597443595,1.1202514034974858,0.1621668765576878,154.55166648585066
51.67018782552117,8.367893120533886,1.226585876199236,0.16650095652909896,153.52838421018532
63.57302950938588,8.604362002659066,1.2021637948918413,0.33474347759909506,173.2293941984725
60.18360384495573,4.305389799274319,0.27382499105573427,0.49706968061058376,133.03319668847965
29.328502944301793,5.384388240736019,1.7671756389977227,0.3309195949246893,126.48925971947087
64.62794992449889,8.031006398965307,0.6046400809185415,0.27889170868501245,175.27775824158425
46.96711209578254,7.741298451918292,0.34607835043732793,0.36532525511962305,133.48017245449378
60.372007758203125,4.922605096781886,1.7886213517510567,0.23260280614185908,174.04292895715042
64.80456499617466,5.046746616683551,1.9157378466365313,0.030071171300392607,188.72165604389735
35.90017374859319,5.85236051395691,1.7380424728043562,0.2811484079389549,157.69511966017302
25.502596226383837,6.422614925955107,1.6380805419772684,0.4788126422526901,114.5123517139698
31.396758127097083,7.09127385765148,1.3449597632141412,0.08765147117882982,149.19309800591415
41.355389431312815,5.8445681978488615,1.1466290041573648,0.34500244541033287,153.8313328555763
60.90073829612466,6.31267358066574,0.26527484383167926,0.10046684432952824,181.7139890869024
63.036529162817175,7.7373546906687825,0.8760611048343275,0.26791384223654063,178.52220232878796
20.347606526559535,4.183416014452989,0.8081081823233965,0.04833822482335981,69.77880412005288
45.537365128878285,5.262184721720104,0.5935321891446198,0.22518546812909257,130.84784422575189
40.87055015743895,7.566747929422762,1.4744982160083113,0.37808166444762303,139.24558001678918
31.105390523536514,8.476034188435996,1.0421638966496645,0.17378576211949104,120.19069430653806
25.99326836668414,6.5583872105783305,0.2539878102245311,0.332455862243609,84.32710988004867
36.8807585701814,6.660567426326578,0.5183480837046415,0.3977249803948646,133.49745092687252
67.14548519562595,4.53586005669888,1.3981916509532324,0.46358890973972633,163.34103484428059
36.160146601037766,6.237061834117274,0.24464863303157036,0.11732104092772677,122.79485796880104
45.939531087168305,6.663086332275116,1.7172931366926605,0.19965795790465407,172.50051078901245
55.15094794475889,5.212352518173648,1.0407784013265513,0.07620800666520872,160.26375638265128
38.1814801189647,5.346216154746905,1.0131144969206312,0.4962417510791876,123.92993062461856
68.58910413604804,5.886420815523113,1.2255747908530834,0.46350048396214766,186.83536000356705
68.12236474710556,4.100355988888632,1.6668938352577833,0.2699785651402798,178.15654526386075
32.58911479126821,5.610395827915891,0.7608374950141668,0.42101664718821064,94.64968448933814
44.86242529461927,5.057240034982723,1.3882306898622208,0.2604789886360211,142.0673091144968
35.04391549083849,5.637486760889573,1.174890731592003,0.31179284400137985,144.33893865030257
34.24202471887338,4.598810659096256,0.6073537133219005,0.04456221605800831,90.46239272204
21.84434736772664,8.452636403699476,1.7693969740748001,0.37763521024840396,100.41936559748392
50.47821669899484,6.967962267770243,1.6151094410531635,0.06385674181761741,186.47686637968144
45.13395116144308,7.395511595722448,1.3510584858510084,0.4130338151262642,155.91172829375978
22.573937562499466,7.9458561930366916,1.7161052852790597,0.39101404383519295,116.77264081873061
33.93232321183057,6.492210994645286,1.7478589818236245,0.3543723488714882,145.79327852566996
65.41329429833269,4.434601440437119,1.445889655758566,0.018080190262381057,182.64284184254643
31.97809453334862,6.685532709092739,1.6903253238909768,0.1515641779726643,153.81832023964634
27.244743604561155,6.934205590104396,1.425195777171639,0.13155628495542143,133.12325625131
44.472638013878154,7.72719737092165,1.3922674663445709,0.18006820373575955,156.3319226150127
69.28252270553003,6.158297731148397,1.2753616186088501,0.04382137338191927,215.94106004685707
32.10276357557502,4.637901513977819,1.5301616151595183,0.4684789115155314,121.85566516948522
53.606777370293926,5.418879528993623,0.40134970005684,0.27690112035618814,143.10746794803615
58.08098076643588,5.815411481993175,1.773654442477964,0.15276215532901177,180.29064289088623
31.881877199619986,7.229586206658006,1.7565027027159408,0.1984907585371417,153.74634325887618
56.41081743059298,6.85389152334456,0.15556983776566238,0.22360127025241783,157.9144434346378
38.389156635962664,5.780483629489231,1.6690518260730491,0.30029716668030865,121.98763844311789
51.61529152967897,8.932576243964899,0.34485274819954587,0.2578397138482489,142.19240868571822
51.67648553804473,7.028874096784436,0.7367258230923696,0.4596959866072087,148.93915751285576
46.788734203737924,5.186133958679973,1.512665686954055,0.24848174145291513,149.02044700065798
24.514488502720415,4.508912363102018,0.4054438024917856,0.49607900741165634,64.54769806508713
61.7651247794619,4.7642956959216605,1.654137345826218,0.4257124788725479,170.75475023069032
36.039003248586795,5.229788641922541,1.6810549381197097,0.1042552571786679,143.99772445426595
29.325925519992712,4.803406866297778,1.0641886941455887,0.46529760732195813,87.49672602240128
22.038757077738197,4.932835120256529,0.11213315626198381,0.058183198942738046,78.33988609397056
49.544647159412094,5.425475843469235,0.6453724530323343,0.4087248542455958,134.74389937876924
53.87821809211412,4.866867976473774,1.2721611449139103,0.19031164673829004,162.1271533402673
20.82939144639281,8.483827123132127,1.9642537382521046,0.43898716022253476,112.91920303456938
45.60465291496405,4.401168728308211,1.30044570133167,0.4340283450537252,111.073362590888
31.324788759896897,6.622556947851273,0.5936268040219036,0.4029627000588106,122.58073747214112
52.25863952047249,6.051984134948308,1.3046108358892616,0.3950152181535307,158.90573436103526
28.718321450249572,8.911893084543031,1.1259722214601255,0.1523395695490204,115.18980239242516
54.546886905123294,4.560194510840262,1.5817062507871729,0.04045964152562609,163.42372858956472
39.33676731502687,5.989277995228708,0.303263213771221,0.20149008938258073,141.96813813730745
66.83649943683673,8.847352166376844,1.5459530147538532,0.08676225749325434,192.6909814871483
26.876047207299663,8.327535629469901,1.1284064994846095,0.34747554445123086,103.59103587201238
37.05331755251292,8.085360354746399,1.9296848073320898,0.17304986326889277,151.42460379644737
25.673676062029454,5.2895141352246995,0.7495571154735036,0.48780510042995745,84.04373412430695
66.23468091392814,4.854437936950329,1.3019815969545014,0.320486038672666,183.87664879419702
63.86696766904905,7.343216099622155,1.8708534004690331,0.4112402818171805,186.06170235339823
32.89708138575778,8.646879945637929,0.29476848318229054,0.06626233637092421,95.60377037584816
52.999202301708955,6.783814465069649,1.8807341257492571,0.4310072411363113,169.77115974095616
60.86111001006079,6.858063447349499,1.4069828723715454,0.46137859525669717,195.4228656046958
47.760040579973115,5.399895468301421,0.22889041229982662,0.24353095940946795,147.09642178766634
46.48252891780032,7.847464665959684,0.6718307771989508,0.3031264688754887,142.67240532768952
32.092614545022585,4.935218742787617,1.445526968426035,0.3824049004514977,108.6187960124431
24.65513839029496,5.618396182021218,0.22796614279066624,0.08741931363020627,92.40339630936114
64.86078789766634,6.127182193082084,1.2061238743349192,0.2512830382317212,204.11529054079634
65.02090285816652,6.538051893422275,0.7571778082106178,0.19933151388615655,178.86490485620126
51.65507286366339,5.212048662075401,1.2797394837582066,0.07318699608112456,163.1091654134732
36.951489552435035,4.574184123696018,0.18690986424377443,0.18376721114576572,102.45722302455458
37.46047873063304,7.053100212208163,1.7559199316895149,0.034086154692746784,164.01361499098965
56.297783943511966,5.443152766201279,1.949629041437054,0.012905953474743492,190.97791973057653
64.85551299762886,6.906191107113061,1.9408679250428138,0.06758314457741138,226.46735054253972
64.35432121325587,4.771813576371011,1.524338480311557,0.4815575557945869,142.89228873669018
58.99377729288119,6.405700509274087,0.34716385624820073,0.2747647679475085,171.7006824442248
52.10158230771439,6.662947162757929,1.540700072265143,0.48291108057661,163.42105373669443
24.20699824975244,4.259117684112135,0.14671514127172286,0.216248939165066,38.99232283368866
28.081435704730687,5.6830213909696035,0.1420347479050948,0.1559080665426298,100.766187083316
64.92770942635397,4.672073384694871,0.7148594163841283,0.25307093142012205,173.20085305818642
50.321452982979494,4.3168748523638385,1.0284220617688649,0.21975584431645506,127.24838393617785
20.459852580831484,8.949801161949726,1.563774093834807,0.052832342130871957,111.13033939075984
25.073577143301605,5.611769224873615,1.39826121555236,0.3204131573451031,124.98684303214375
53.17508845540279,8.049372229273175,0.9472151421158218,0.1080190912547998,179.69714117346976
20.253079192310935,5.273203273818819,0.6198906659351651,0.3097939774489148,95.10066300582143
28.04040257087493,7.407513611119646,1.9945365502996513,0.3251005461990767,142.80945795625064
47.436689468329305,7.801139299448433,0.9097444742483486,0.07601242656432405,158.33311112810816
54.59475988463466,6.978193703039222,0.9576353462263834,0.03067481355533408,161.3999465952296
52.59806297513003,6.357880942750792,0.4108852602641715,0.3903807930342199,147.1801980648044
31.213465473027988,6.059204570736343,1.6101381426248658,0.2299002118846601,124.87474129023461
55.6089610673768,5.744341332714976,1.4179962289848285,0.029081897752737895,202.53142351320614
31.862454374840006,8.64764572123913,0.5194622642986447,0.4974331585848836,93.85861904019498
36.26998490796339,8.153097038938647,0.2565239866701011,0.02889028049818332,121.38762529618279
57.32457025590121,8.825134553332564,1.392948673941955,0.3475176144292766,170.94185862932557
52.48164495236073,4.6214861174277235,1.343571307134157,0.4918394626317068,139.22891518423273
62.4611705247089,7.654337376018221,0.6191931012965977,0.11959005210796281,198.52822490814637
52.88064461501717,8.69170228410519,1.9066407682757798,0.07112468434359809,171.2245873576639
48.41543016677358,4.9061653308283,0.3870099943837104,0.06069246971121445,132.77564257313057
24.683738391404624,4.3324813368338875,0.9214361219809436,0.15163757378379777,70.2440870602361
38.38579015297168,7.705603246450295,1.8928702483184379,0.050522905505323346,147.4236932879394
33.26011838408627,6.8723655658995595,0.8974819021596323,0.34608067084706595,117.88831103305965
32.19948216895418,8.20914388379136,1.3131993005617626,0.031145899065031346,132.0480607481583
68.65052773762227,4.698861883131448,0.855429356129309,0.25471106407489486,165.99910526588454
39.65488623333802,7.976336559299451,0.621008884462473,0.4983484269264884,115.08912216426884
64.60232775885567,5.008136600238723,1.9695575311236737,0.4069851347530094,172.48547844433344
51.556931299863145,4.818279714328522,0.8777346119985817,0.30760971911550544,136.80969051539367
59.74056517708242,4.8213289896549645,1.7987884869903554,0.15312681039330583,162.0828551852735
45.1318546552596,8.07287360115691,0.5369137511930637,0.31194791814581924,143.48881760660495
48.845194231317954,7.325986103481,0.5048989376476583,0.2635207319558258,150.17580808794568
44.625884690943195,6.615327123845597,0.1591547574805716,0.21304169194518574,120.72823267024843
29.762149389902227,5.794152420617513,1.3381669682141817,0.06535518837009974,123.96454979897345
56.12260576307526,8.386002704065541,0.8002000530751461,0.44330210762023337,147.82356782475566
34.03861812204279,5.962225537113177,1.7422806746953103,0.22489232441066126,143.98294593076358
21.21579832157269,8.082997197357885,0.9990988227139586,0.09731125591038253,117.03432523291934
52.27361479535839,6.195674542851092,1.9395675130379713,0.1838796754386448,165.83576768677042
28.855533970352447,5.884722147124538,0.45249847983593017,0.20706487626446352,105.48012859539126
67.02292921764572,6.3133989283480325,1.7503840191156605,0.41376894778343715,202.682037270467
67.69642885012937,5.50688937082071,1.5755340203043093,0.366807190280701,201.46582640758766
65.74321951102243,7.738046900881256,1.5647515048236988,0.3846524468206699,200.65029585677348
38.50793501277222,6.513601950462396,1.7050881334220866,0.005515632214323607,152.24955509719834
20.77283082644337,5.161063475734086,1.545945582791698,0.20807699908988075,96.12328627796211
66.41592812938626,8.497872866372841,1.2898186110996892,0.2406720758176618,182.2296920191216
41.409207415865716,5.919456106866058,0.3493652675965364,0.009596138411528343,144.440031892357
68.33274095218349,6.717764305569943,0.16179974103337863,0.1299066043725171,185.81911014452638
68.18099885446264,8.532360554822734,1.8496109108498051,0.3801449115610675,219.22113108673625
62.650472773368,7.1211899795699605,1.2716355975894023,0.06855485286449953,197.996968718702
34.72244460347928,4.5844902035418205,1.613420852854735,0.2676550657262958,107.42614873923257
39.25488643009626,8.699160618067376,1.0148924678738451,0.10760093600861875,116.00671618132706
62.556833575842845,7.138540265357089,0.32288555902854954,0.006060387321946636,163.26220292441278
35.84610025781389,5.674528073285431,0.33785300518484584,0.12060072879977074,100.20550018273451
28.474637334304624,4.696360363316936,1.4025740457350455,0.4879368774550269,96.50013789128779
47.840063122917506,7.97012594635148,0.917581200308979,0.4007685559414948,152.39022204714732
66.80773870803904,7.100363779642567,0.4809969807306398,0.4797883221605167,162.97949590423332
54.80148983374865,6.667305459881607,1.03402963880873,0.24392702196318122,181.36271664041465
48.50305850446825,8.469462915254788,0.22199698044275476,0.05486809933875175,134.17279682424916
24.858824688538427,7.9429860561226535,1.2057456636373578,0.2739797444868465,112.63498692486534
50.750361334958484,4.758374398663756,0.6110874684266855,0.22718866727998044,147.90459161977515
69.50269250521316,5.558610338977742,1.6153622912106576,0.422178541369808,207.22764697769128
27.0042007618262,5.242445699072329,0.6896877219547901,0.049041290392122294,98.20062516837943
45.91648261818683,7.719731462863384,0.9649182832554222,0.2441205685108891,142.30572469882523
63.86865359639777,4.167662173678897,0.12207902582539121,0.07502433234699213,116.29931591355378
57.03843088771022,6.8494484243565825,0.23764908680966187,0.16233796344503,156.65484253119502
54.8507870497634,7.812293428703453,0.845737757172701,0.3686785386938998,160.1455676223128
55.12420419935546,8.383828183808747,1.0118837859625347,0.23800906468438326,153.8991146944012
37.97455756098776,5.710408743579537,1.240039041426677,0.18794414257288466,135.48377395921895
34.679592213224666,8.106286523360065,0.6541588995476761,0.19723813928501766,121.17438770959949
60.46805777392568,4.553158684776037,1.420465583640431,0.22972338420299332,160.2700037670547
60.50566973395904,8.23226145867259,1.7342325546594888,0.39250827191852844,179.8283750826679
63.35361592900519,4.637443311659912,1.5817168788973646,0.4460423444701172,168.73847529341901
65.66202762782356,5.986436452801836,0.17527576816187856,0.47766734325196414,169.78240149597525
45.56711994304689,7.986476828897768,1.012963199789875,0.39345169312764755,133.8202796438724
45.07581473435998,4.749587136743869,0.2993673389945323,0.15770344787400636,130.1954063343098
59.91475894833876,5.146256976163207,0.5598855301388022,0.3440673530432711,152.53751059319492
52.49819653888826,7.611262841965331,1.9746589272075783,0.21880156202769596,186.24580968070802
55.098343862885166,7.600182682730372,0.37074153151287514,0.1273353110230256,169.07250699465553
59.789633471805054,7.205738164426487,1.0478874915575764,0.4204357897129613,180.04446343449987
64.50026709087831,7.4697422223355,1.2744958952044263,0.019213174481162498,212.34213441331926
36.89975784257679,6.713622216737981,1.4346834440337974,0.45088099606771176,141.4279351620861
38.779147631997205,5.258995294534763,1.1633324986251368,0.23073873231236708,122.62292259846127
24.69909699204345,5.728479967519597,0.11856461009644896,0.3186007384041402,87.74268332095787
48.9140070498087,4.9079885840071285,0.7202764856635845,0.32967696110289135,119.02341408337321
21.797113689837104,8.542252806668142,1.0836521224309517,0.4475588703532682,91.03338217708162
43.27990090662301,6.916958973830602,0.2669463483751834,0.31833484108360366,131.98190458166067
47.13223173537883,6.0042570838181994,0.7661911692974434,0.3069667923800309,143.34059473694904
34.327062606414216,6.310029018220663,0.16308590670359646,0.03332602028034498,117.25038784561299
49.541663028450536,8.736416698059077,0.24929914459453942,0.25920401097260204,112.39898341814543
21.52501249695247,4.766757015580401,0.8541542247830325,0.07508450040852083,77.45645426260357
21.867409437460722,6.9311491600839865,0.35215993268181467,0.3687168843607428,90.6212578183609
61.13002803298291,6.52944339442233,1.1783276116969605,0.25611096040633724,188.63472581242502
38.00953207056314,7.05727117717324,1.409983441360805,0.34011388960417666,133.72216493228348
26.35302563259424,4.090550919104203,1.6211147283072576,0.020836450301192133,104.83586095931788
46.11216300274022,8.360619544720757,0.48028546406513917,0.04239600802290161,132.63997883657055
58.499677654930544,8.66059141241806,0.4182169062922325,0.3581616940313411,160.5255954250498
30.79105137484216,6.825665917946045,0.2986788966353605,0.03604216799933668,120.5943974003003
51.14452379095002,7.483254119384461,1.3092174741329097,0.0356283638826293,169.77460033013105
24.2673732496884,8.612496905886479,1.4423038803251123,0.006054237617443725,131.9515745459835
22.584086058430387,7.5361931715669925,0.16001367516871987,0.47825069914974006,70.64704074200283
46.567731578407404,4.762695214571306,1.8788032678630107,0.3687541797295035,153.81278134377928
47.031756080505325,6.881441800834066,0.19874543893779759,0.17662570425103208,152.67519275971807
51.87149507491033,7.03357523191428,1.1284630370720339,0.1482677906438276,165.15237860018956
56.30456668613308,6.12065335651193,1.4472149869567412,0.17485161487292478,196.36628506878787
68.79260397312673,7.682221178123614,1.7548413351175627,0.3873267655905909,206.2346378554956
45.81501741505977,8.671835073845074,1.4567651710516127,0.3306853055352072,149.75655280720133
36.147823647062296,8.627842564533882,1.6232833578326045,0.09259778393373397,141.33724224593564
59.759309738435185,6.254196857020661,0.7449553658313315,0.08705466766704217,177.68188770839095
33.54161256310371,4.566190229203777,1.6481677161183732,0.04919782485669866,127.06157743235592
41.9485710352818,8.924205994811672,0.2522182081308828,0.33015135985066907,118.45900909083743
23.9228190671133,8.19449043222967,1.8001516465150025,0.38218633111086797,97.76372443537765
21.267537170772876,4.623313406016334,1.140425514692099,0.132523214162502,96.16809480918579
68.13242073389625,8.604209413086862,1.652865762928738,0.010472480515456406,189.51562322536438
61.79900602561029,8.349481810310643,0.9594047405847702,0.04108583373821367,192.77348811238969
54.798710304684896,6.5941902856303605,1.3227976208733974,0.48393001742251524,181.9791162510543
40.44764722071349,6.9563771787246464,1.1001650557786151,0.14772238873871013,137.5477448400059
28.66471600354229,5.9950135193506515,1.4900200913351307,0.3846115739190668,116.43335460522951
27.8218521335543,4.273808194110156,0.2550969658581202,0.3123317844271319,53.15803455409305
32.512144908229764,5.675986208229505,0.21466895958207122,0.19096981982644795,102.67430150642774
47.46133323530603,8.014267242990057,0.5694961446192782,0.10284363109777755,145.00324738719365
55.72979613500312,4.023160115023014,0.4031348922150578,0.060693209079703214,131.1902206606607
53.009868835886564,5.667495858455721,1.7563887765251833,0.3075064840194333,186.1475697067266
33.99669484729714,5.990843467954717,0.5165065759802842,0.387316890318894,125.5688680816844
67.7432640331597,6.686978014689615,1.9541439860563494,0.32195212677056534,208.79924990210813
56.89484583478843,8.599278082063803,0.740102004365103,0.26515106662457916,155.7565291018479
47.717702625570034,5.7317299718298065,0.44602403980852867,0.020975611715818132,128.8496914518525
50.58603731171761,5.734766009481138,1.6004271635707104,0.4842443887971919,152.59050031215034
40.980003121389494,7.687506240548742,1.3515447734516646,0.3993570958272873,154.29538101400095
32.386549475057876,6.261089704449036,1.046571861260964,0.14641101835048237,144.73809173594682
37.79863393256308,5.12302411469991,1.1551907467814995,0.4899851646794253,104.04284677158388
57.892305523218454,6.262197580663467,1.4664833787173013,0.30094079481816105,177.43965013481494
20.719674431487793,4.704285101898999,0.5340640085294676,0.29121132910362324,66.76869712405251
25.803632025345813,4.8819349325311165,1.9930344405078098,0.37403658971476605,110.6174686074411
22.300132101087637,6.4918388636973985,1.952107008078888,0.4058848940450688,112.07868364094277
22.03644011594851,6.094627247522739,1.33561880405918,0.3282393036657513,111.08018854310771
62.77302920055036,8.5742295053405,0.4791306567653757,0.06404787318310001,166.0778491927831
55.18289296900118,5.811969495583165,1.3924336606194536,0.1691337529972492,175.93884145456659
43.70869145436626,6.902941751390218,0.2371769770604341,0.46404182016302487,133.65540880697145
24.891708032550074,7.161321439597652,0.15823975419103153,0.11230780592192596,99.51307663500309
44.58079375584162,4.065472282941668,0.589597488171306,0.18608351191875666,97.94990840136305
43.67358853902829,7.317686860083553,0.9789836178047009,0.216038441472098,148.84497344538062
28.66009349550076,4.890179834348757,1.749717760275923,0.2197024948472261,112.58313210210666
41.69258246189865,8.805351587347275,1.4816212325559852,0.30646979124726276,133.82691376899123
39.92523671986867,4.7433136387655646,1.511142390279964,0.4715379188723538,117.87605638758743
50.79250490261082,6.0731206186351185,0.9084373354513431,0.12034635591625248,177.8343106038114
51.75468254338219,4.426748340393219,0.7572764858392295,0.06075068815045903,139.33344812010233
22.265200488602225,8.984371259229736,0.804973649670745,0.09873524492996866,85.02436697014365
38.73063073132356,6.510975051656213,1.9765341710985098,0.44346245010463475,159.46188842607242
51.292995785711824,6.976925086600219,0.1762074636837167,0.322905406327603,143.08212149956776
45.15681292900439,4.335382386942137,1.7473598426326522,0.14295339461958007,147.20253212884992
62.824492059416116,7.749802351995889,1.1994832762875476,0.4079734694843086,188.28484964674203
52.93468158094725,5.049527965477929,0.9333692964602218,0.430684998181718,141.5214719183418
28.146721354071484,8.490271447203568,1.4779895547887594,0.423257169345139,116.52814304991567
23.528437370021493,5.025698202410036,1.0246709887069354,0.4594632668197772,68.56829704906858
52.12096391031578,4.953438603318332,1.7595041523551551,0.1261205100866808,153.4386531240981
21.32556552708109,4.182748339240474,1.8113335416213912,0.37752096437313915,65.92838829114373
49.28877906367316,6.360334725549996,0.9012697610595652,0.23026974863707,159.07843352037656
67.01151207124788,6.824205666313082,0.6259728147465979,0.42099927644503077,201.08313390014558
48.77370889379395,4.328543197141762,1.2254656243273883,0.3642453385808066,147.75896433095
39.4084963103261,7.877638083475053,1.833490356671713,0.3882237232498623,156.36935604316935
52.16441092211766,6.266444173740139,0.5002581591107664,0.32808091884053575,156.80948145948025
42.91264452457583,6.6219513466379,1.2836365087706174,0.08871438473485344,140.11140641944652
47.280839465796745,6.20381373469114,1.299964418175789,0.27251345944846916,153.78926266898264
67.07324043882626,6.00381530437663,1.492914742589034,0.4923348697622541,186.39497237851205
39.30513189003871,6.79820165654109,0.3499786017417936,0.46869403324855946,115.13692597783154
68.05952819119571,4.776201229653562,1.4600674328959682,0.021586867898505835,188.26495596253608
65.26753209780318,4.909640652476355,1.8271617892647178,0.08240740786471856,188.0371609590905
29.78955673946482,8.308928105067587,0.4413979068534597,0.06586438672728095,88.07167798924341
23.468065043758273,8.730577310668163,0.5513323173553675,0.36298995499264775,89.57769120502253
25.03890006887133,5.866546581398765,1.9456506786791152,0.40889266492847254,109.57302024537859
20.911091282577488,5.353723365717769,0.44385621014803056,0.10675568315533596,86.33797113164886
24.72214803779642,7.219997716195079,1.7233316774022003,0.2529263464759145,146.8219709512039
54.150338670817845,6.0436708554904826,1.035327927251266,0.4203515140056,152.63001738743725
23.55943242301145,4.126931778301724,0.5697390413660364,0.3664007723831253,30.94614224172411
35.948781514688065,4.780762986830952,1.7544248124177717,0.27111860274592414,121.36739437345534
62.24376554847273,7.579861144236988,0.9460799845050644,0.29517384522938644,193.88231704717174
21.16359678679129,7.294619709550757,1.0781529724664114,0.25418027345814,125.41431549509367
60.72342412944679,4.135479962517417,0.7825434018595547,0.1487742256594103,129.3116183560821
34.09273873866999,5.109860809664747,1.2266066177263621,0.28251099642950805,121.34614137714118
25.908241381082814,5.1553739829403575,0.4106953579115432,0.34444265102504534,78.030780107778
54.836858268207536,7.359463717993642,0.8430549196383453,0.43666145793040384,161.72941682545942
51.4471423389942,4.098552688771821,1.9418834124370463,0.31814567698962404,166.5390335880448
63.873600676352645,4.520542909922869,0.5904535221321423,0.380560768521579,132.37120814808048
56.75355219019429,7.999580426865947,1.3477996626284552,0.0800358174772865,185.60361457471726
60.17404651924243,4.892723310271668,0.7178611220269202,0.23077873720989495,160.25580984501877
34.101728628565326,7.263730539259374,1.5695989388045413,0.004665809913546648,159.9655559985183
28.871977188986143,5.190913905233632,0.34865995536486466,0.12333943226081151,95.63283956076904
57.53073758204292,4.497206963796726,1.942659985649235,0.3632308575565024,164.7783896350785
60.3417369633632,5.21586095499727,0.9622001286289145,0.4959049756746817,155.21808089533008
69.52525710003366,7.611334659278295,0.5484958803582815,0.04958904979360795,199.35537939770123
40.630883845571326,8.27848234053143,0.23964381992702405,0.20074715793064413,118.42772112153611
38.60090428963916,8.151099322834959,0.42254001966632737,0.40003548434957975,123.24211508552249
58.82064803709984,5.985917648092274,1.0875705022564335,0.10201781731444942,177.494253157205
37.040177012650894,7.340425682853231,0.7403060352194439,0.2775424746511431,133.7517562014478
66.53786628017824,5.024921477079105,1.674878395176958,0.3665356480148374,185.77992702808382
62.92063759215059,5.465738651305067,0.9186862949574313,0.3079927251300895,184.46593240677282
41.44970136875092,8.4816790926056,0.5725571179164968,0.09401236730770807,130.03937217339293
57.54355338957487,4.06500961755368,1.2725754745476572,0.1776922843428697,124.40668033248599
57.727143704234116,4.42754265427234,1.4428767120823471,0.3918958922426986,162.08647591203317
25.15619344179663,5.039431275730136,0.4173796250118047,0.2771132570660083,72.07011005029712
65.12764533397834,4.132661019369099,0.4184765109478036,0.0026148067714563683,140.90054914805359
45.26261862239286,4.907177175448987,0.16967571117373165,0.3804953800140469,104.64774025259564
61.322873305387084,6.91520780484846,1.499163828624717,0.017655677470119535,215.80778520907998
36.00248005153058,6.107122752962489,1.3612286024814297,0.37286689136561607,112.7006343805479
64.77616142481003,8.463358555384875,1.0017986639246463,0.1012402800826187,217.22148175414378
39.46008393670816,8.087217808692206,1.7039238530414746,0.4790367400596901,153.27789800542823
20.541882574014917,5.70908675848938,1.6307732906051011,0.18397037565104224,112.08022384635491
65.26909882096318,5.297117167156463,1.212173292353829,0.16346580816903955,184.82969952580274
24.564333839306677,5.898462040836335,1.7497154329751914,0.07444402516622234,128.67826695431484
35.965681879520744,6.951474712574038,0.4910982990698597,0.15280210774510744,132.36871727427996
67.50309835254025,5.340318204114381,0.31264727685568294,0.4383253809141003,170.78881835630114
67.5303573468778,7.1207445392456705,0.6125242618822803,0.49816716881362366,187.8493333082387
48.671894406164306,6.047058260956202,0.20846502656969823,0.18415476525342417,142.34376340861323
51.59186060848997,6.760235904259901,1.109222103201961,0.22430531547727128,166.3781855055974
42.42227609891599,6.180632645676583,1.8795508153604268,0.3610354691013685,156.73495728880957
34.66053858490323,5.472328797709588,0.17475272727016833,0.44309789023253726,95.90521569316974
36.4332272684958,8.742266534810783,0.3320088366190509,0.2965221670933921,116.77120383363363
53.62592280385192,7.818028970798804,0.959178153738527,0.19576284908891467,173.15223344728483
57.618726471884,4.700565878832263,1.8743625333030194,0.20631092042431187,140.69450326250404
59.578952186292426,8.342339879489565,0.700696599455826,0.34780907324840343,170.2871901692066
59.48090713972769,6.437155991247568,1.0637461365079457,0.0016091318021393408,190.55185811179533
24.560305152434516,8.472761134470456,0.178988432195745,0.30979466872992034,82.37432452639382
44.72101523512907,7.999276279736576,0.3818520818279688,0.1777465052206787,132.86872700308746
22.877938000832213,6.126067522346167,1.9745972336218092,0.3970986656385421,130.75719802731368
47.47644411618678,4.112346541600587,1.9337255232284865,0.04649531991156608,150.0150912417944
42.07652506866885,5.34338679692473,0.10938596377537828,0.29410113347419525,106.06712220736678
64.38520913791498,6.708171073304335,1.908442392304154,0.24048644494306187,213.36937503258483
37.54575062760394,7.167391099130736,1.3143278818494508,0.3211627629526137,131.88650975786464
25.853350821380293,5.2894384271660115,1.749044759588042,0.03242679724148417,107.28850679710615
27.149584102641793,4.69678037036412,0.9640057257043322,0.28999189371406564,82.08825035034843
58.07553158587361,8.174651183996495,1.0796324543005755,0.28074229397976186,181.04635114187164
50.91090316581305,8.92201090351776,1.0288085024881484,0.28033004720808546,155.04869585270157
25.056133806139513,6.628450911513429,1.3670420893375983,0.3017438332982274,122.8414049752811
24.20534030574987,4.858396429241518,0.36533738403699456,0.3382339686131811,79.88903783089677
55.048456572956,5.361536632596845,0.1569498207580881,0.4024944998403849,142.90004640540138
23.638150318209675,4.0919533827373336,0.6850668890232627,0.13491036006410717,58.23183602186767
61.09300296451781,8.571494032802494,1.4388934491996288,0.41252470509003103,180.55939173139743
55.31211135782481,4.588755414450706,0.48352155903360183,0.2491278411317268,141.75441165794274
24.06743903209499,6.882582377571268,1.3795216233173428,0.03852913956716558,132.04341515137352
24.241885704259595,5.37027610343603,1.942832887603814,0.0292754646219896,135.07129904152396
69.33197892505876,6.770890012578967,0.27841135999989497,0.1671191593480304,196.0391918100048
38.71353978780601,7.257101941759322,1.37794402462774,0.3924484885557338,146.39648044462857
38.53210735334454,8.148709018536008,0.9431254166786851,0.3538404673704579,139.41534935598352
60.63997836287513,5.032106358803016,1.7494702833172602,0.3943074823362032,174.81189841420112
67.36242886919294,4.054979143292402,0.4365845999500332,0.2586345282208047,133.51302814627147
69.30005319114355,4.684428150344036,1.4159893092297127,0.22009949897774528,181.87687300351564
57.66890926294708,8.500093209240525,1.6924190503314094,0.07372626335314197,178.2739870018159
38.81297927654579,8.369450387812577,1.894767017000644,0.16409637680465577,144.46965301582088
24.17503583493344,6.987065510851542,1.398171253750327,0.21700968308693763,118.35718304006245
58.85734579637184,7.002584302168267,1.044632051616012,0.044300214839808616,179.35409357678157
47.92021248679025,7.325183372731278,1.2739097563823063,0.11030597635560563,164.4011043846636
41.21110046234881,4.876856393117248,1.7509194705095645,0.2991126470318694,116.99237037715946
65.3177192547368,8.5720597296248,1.1841585186137764,0.3678315571195949,183.05974027435067
25.559874115307565,6.093852624460366,0.15773541342399003,0.4991737556964748,85.20578325083608
44.63125521454296,5.915692641247487,1.8688025214632578,0.46655666567177884,148.59236233629153
20.567682238370953,6.594588526414188,1.4101008269599662,0.32128259976759577,115.46956739266228
43.43303209970631,4.234829833875275,1.3853754329767685,0.210624026647036,129.39972319767128
22.81516378409187,4.8314168437803975,0.5097827895556626,0.31808868235411636,56.693959717786896
25.940895813403596,7.690168082131852,1.3518823934420487,0.392825809040116,107.12575753081475
25.876312338855243,4.413993339625632,0.8483423707429011,0.05916809546169366,75.81585349334176
52.460515105803175,7.015760547331941,1.3373426563788349,0.20495244484814412,166.11903700838906
57.30224396327117,5.226745548406605,0.3025267575851823,0.4199011428178086,150.63058046255023
49.16843825485798,5.946478070209883,1.3499060787457684,0.191916475966522,162.08970013516418
68.10862742372709,5.443468683853499,1.9988860789642664,0.28593613561359327,202.85779525450178
38.7435289761852,5.7783635823247455,0.19160287383505645,0.2938846804310991,95.00197368711886
34.285604314093035,7.595229525921227,1.9566309500205028,0.09223812656681968,159.51937319104175
63.429956409473014,5.485608578115875,0.8731251253734541,0.1811177208261442,165.02939285971496
31.17979192597263,6.8320232014844855,1.7544315556407923,0.16725564437096607,142.88879091209782
68.16112697203056,6.380252010995498,1.5865324197107196,0.013098354266032397,218.51328324050084
20.60772373449082,7.3183558268132405,1.1773308958746689,0.012095881945677622,127.4990227241615
68.49394133538195,8.68414869662379,1.5030534975775205,0.41584852183788673,177.30350881428853
22.157995597528807,7.662860486051251,1.769179566472561,0.1365354049864062,93.2114786968679
64.55715568490356,5.074701892953784,0.8678666111369626,0.2590393831194077,172.0050935415224
46.385055454314994,4.1559156753064235,0.7213630069701534,0.14936278679438653,130.27752102947142
69.64823980596502,5.311320221499125,1.368427432570811,0.47033962255767026,200.6861061444217
23.689828236769944,6.975389653501274,1.6349072896883914,0.12964837943288687,128.28191669129342
47.69271422006604,4.257129067421252,1.54834175607557,0.21482840636946754,127.37434475031189
68.46512678095495,6.481831236006181,1.6158459328314054,0.4363651252423009,212.88495008774765
46.15489220850744,6.984214244584447,0.9276082981445727,0.4209667833959043,138.49623893061434
51.46993190676312,5.671219454084804,1.6538850107325411,0.09305070892313866,179.16133175803168
54.78743444923086,7.854561018729109,0.32839720520415605,0.4013216548978552,155.5064922736188
42.72705323838866,4.532991265668859,1.1345292861256142,0.22909344336894633,131.44332749687933
51.377904004203174,4.375688908679043,0.11094145494643098,0.2414844360426776,140.89166089501447
49.21571559615501,7.6409437810180165,0.7167130768105135,0.06673998620797189,162.63360816194043
65.05790052454944,6.477456581030992,0.7962769162556559,0.04030075687856233,188.37742228724102
22.272319017072896,7.4420119821386805,0.8527281140575852,0.3639696534868826,99.44749462700024
34.04815947961151,6.174136693018731,1.421387692710738,0.24823057617764988,117.97614547012691
67.52057420382793,5.2320101661955345,0.8382603924136568,0.21842535130758978,172.67752414363105
64.51318919454582,8.095511588370998,0.9525178829828082,0.36475411432619836,177.04056003655506
42.782837639285646,7.997079394844896,0.5513338486612221,0.3827564494955549,124.89793818946187
51.00662989007684,7.473482354272134,0.8091784040957462,0.07945408383467678,166.2158263683301
33.86905914905663,5.360725686149813,0.5318122917999878,0.30511257473882064,97.56068618788139
29.406057986188067,6.9511533343454355,0.2390722551600429,0.06767704113884276,122.76162653092858
43.18492024699911,5.804869484700134,1.246552327424618,0.37568754301452284,142.89064665823227
37.667611401302636,4.457910366633171,1.369604317254531,0.32847757813356976,110.46888007194715
49.1828055925436,8.586567877311214,1.2770316574182676,0.478307310541729,143.69208970549244
23.88673184824924,4.684093154594807,0.9806386832210874,0.03447900817821059,91.08665137119054
68.71974038330833,8.751186769104013,0.8215929823405366,0.02852736057562716,195.93322674141015
69.31053722398013,6.230028864789778,1.7403339341864679,0.14109353734660007,207.55936710889802
